Category,Chapter,Sentence No,Matched Pattern,Sentence,Score
Money Concept,0,0,keyword,What The Rich Teach Their Kids About Money ,2
Financial Lesson Explanation,0,13,Advice / Principle,"expert assistance is required, the services of a professional should be sought.",5
Money Concept,0,15,keyword,"CASHFLOW, Rich Dad, Rich Dad Advisors, ESBI, and are registered trademarks of",2
Investment Advice,0,20,keyword,What the Rich Invest in That the Poor and Middle Class Do Not,3
Money Concept,0,23,keyword,Why Slow Investors Lose and Fast Money Wins!,2
Money Concept,0,24,keyword,The Secrets About Money  That You Dont Learn In School!,2
Money Concept,0,25,keyword,Learn How Money Works and Become a Rich Kid,2
Money Concept,1,32,keyword,Lesson 1 The Rich Dont Work for Money....................................................9,2
Financial Lesson Explanation,1,32,Rich vs Poor Comparison,Lesson 1 The Rich Dont Work for Money....................................................9,5
Money Concept,6,34,keyword,Lesson 6 Work to LearnDont Work for Money.....................................115,2
Money Concept,0,54,keyword,"For example, one dad would say, The love of money is the root",2
Money Concept,0,55,keyword,"The other said, The lack of money is the root of all evil.",2
Money Concept,0,58,keyword,"particularly about money, was so extreme that I grew curious and",2
Money Concept,0,68,keyword,the middle class struggles in debt is that the subject of money is,2
Money Concept,0,69,keyword,So what can poor parents tell their child about money?,2
Money Concept,0,81,keyword,"money continues to be left to parentsmost of whom will be, or",2
Financial Lesson Explanation,0,82,Cause–Effect Explanation,"Because I had two influential fathers, I learned from both of",5
Financial Lesson Explanation,0,91,Advice / Principle,not mean that you should buy everything you want.,5
Financial Lesson Explanation,0,93,Cause–Effect Explanation,"Hed say, My brain gets stronger every day because I exercise",5
Money Concept,0,94,keyword,"The stronger it gets, the more money I can make.",2
Wealth Creation,0,103,keyword,and proper mental exercise increases your chances for wealth.,4
Financial Lesson Explanation,0,105,Advice / Principle,One dad thought that the rich should pay more in,5
Financial Lesson Explanation,0,109,Cause–Effect Explanation,"One dad said, The reason Im not rich is because I have you",5
Financial Lesson Explanation,0,110,Cause–Effect Explanation,"The other said, The reason I must be rich is because I have",5
Money Concept,0,111,keyword,One encouraged talking about money and business at the dinner,2
Money Concept,0,112,keyword,"table, while the other forbade the subject of money to be discussed",2
Money Concept,0,113,keyword,"One said, When it comes to money, play it safe.",2
Investment Advice,0,114,keyword,"One believed, Our home is our largest investment and our",3
Assets vs Liabilities,0,115,keyword,"The other believed, My house is a liability, and if your",3
Investment Advice,0,116,keyword,"house is your largest investment, youre in trouble.",3
Wealth Creation,0,130,keyword,business and financial plans so I could create jobs.,4
Money Concept,0,140,keyword,"My poor dad would say, Im not interested in money, or",2
Money Concept,0,141,keyword,"My rich dad always said, Money is power.",2
Financial Lesson Explanation,0,145,Cause–Effect Explanation,"between being poor poor dad was poor, not because of the",5
Money Concept,0,154,keyword,"money works, and to learn how to have it work for me.",2
Financial Lesson Explanation,0,163,Advice / Principle,I doubted if I should ever come back.,5
Money Concept,0,168,keyword,"about money was a painful decision, but it was a decision that shaped",2
Money Concept,0,173,keyword,"Money comes and goes, but if you have the education about",2
Money Concept,0,174,keyword,"how money works, you gain power over it and can begin building",2
Financial Lesson Explanation,0,175,Cause–Effect Explanation,The reason positive thinking alone does not work is because,5
Money Concept,0,176,keyword,"most people went to school and never learned how money works, so",2
Financial Lesson Explanation,0,177,Cause–Effect Explanation,"Because I was only nine years old when I started, the lessons my rich",5
Wealth Creation,0,182,keyword,but guideposts that will assist you and your children to grow wealthier,4
Money Concept,1,184,keyword,The poor and the middle class work for money.,2
Financial Lesson Explanation,1,184,Rich vs Poor Comparison,The poor and the middle class work for money.,5
Financial Lesson Explanation,1,186,Cause–Effect Explanation,"Because today Jimmys mom drove up in their new Cadillac, and",5
Financial Lesson Explanation,1,196,Cause–Effect Explanation,"Because my family lived on one side of the street, I went",5
Financial Lesson Explanation,1,208,Cause–Effect Explanation,"were because all the other boys had new baseball gloves, new bicycles,",5
Money Concept,1,212,keyword,So what do we do to make money?,2
Financial Lesson Explanation,1,216,Cause–Effect Explanation,"was good, because it inspired us to keep thinking of a way to make",5
Wealth Creation,1,227,keyword,"bottles, our little pile of used toothpaste tubes began to grow.",4
Money Concept,1,274,keyword,but I really dont know how to make money.,2
Money Concept,1,282,keyword,"you know how to make money, my dad replied.",2
Money Concept,1,313,keyword,"I asked my dad if he would teach us to make money, Mike said.",2
Money Concept,1,325,keyword,Mike says you want to learn to make money?,2
Financial Lesson Explanation,1,347,Cause–Effect Explanation,"widely used, and the stores could not close their doors because of the",5
Money Concept,1,355,keyword,"then, so I usually spent my money on comic books and went home.",2
Money Concept,1,357,keyword,agreed to work only because I wanted to learn to make money from,2
Financial Lesson Explanation,1,357,Cause–Effect Explanation,agreed to work only because I wanted to learn to make money from,5
Financial Lesson Explanation,1,363,Advice / Principle,was violating child labor laws and should be investigated.,5
Money Concept,1,389,keyword,You want all the money and dont take care of your,2
Wealth Creation,1,414,keyword,"If you learn this lesson, you will grow into a wise,",4
Financial Lesson Explanation,1,426,Cause–Effect Explanation,because you were such a nice hardworking guy.,5
Money Concept,1,434,keyword,one of them has asked me what I know about money.,2
Money Concept,1,435,keyword,"a job and a paycheck, but never to teach them about money.",2
Money Concept,1,436,keyword,"will spend the best years of their lives working for money, not really",2
Money Concept,1,438,keyword,"So when Mike told me you wanted to learn how to make money,",2
Financial Lesson Explanation,1,443,Advice / Principle,"If you think Im the problem, then you have to",5
Money Concept,1,455,keyword,"they do, waiting for a raise thinking that more money will solve their",2
Money Concept,1,467,keyword,lesson number one The poor and the middle class work for money.,2
Financial Lesson Explanation,1,467,Rich vs Poor Comparison,lesson number one The poor and the middle class work for money.,5
Money Concept,1,474,keyword,My rich dad wanted me to learn how money works so I,2
Financial Lesson Explanation,1,477,Advice / Principle,"simply accepted it, I would have to tell you that I could not teach you.",5
Money Concept,1,480,keyword,"When it comes to money, most people want to play it safe and feel",2
Financial Lesson Explanation,1,483,Advice / Principle,But dont you feel you should pay them more?,5
Money Concept,1,484,keyword,"And besides, more money will not solve their",2
Money Concept,1,485,keyword,"He makes a lot of money, and he",2
Money Concept,1,486,keyword,"Most people, given more money, only get into",2
Money Concept,1,489,keyword,he still has money problems because he never learned anything about,2
Financial Lesson Explanation,1,489,Cause–Effect Explanation,he still has money problems because he never learned anything about,5
Money Concept,1,490,keyword,"On top of that, he believes in working for money.",2
Money Concept,1,493,keyword,"But if you want to learn how to have money work for you, then I will",2
Financial Lesson Explanation,1,494,Rich vs Poor Comparison,"No, said rich dad, simply because its easier to learn to work for",5
Money Concept,1,495,keyword,"money, especially if fear is your primary emotion when the subject of",2
Money Concept,1,498,keyword,"of being fired, the fear of not having enough money, and the fear of",2
Money Concept,1,500,keyword,Learning to have money work for you is a completely different,2
Money Concept,1,510,keyword,"If you choose to work for money, that is what life will be like, said",2
Money Concept,1,522,keyword,I already know that my study of money will,2
Financial Lesson Explanation,1,523,Cause–Effect Explanation,"continue over my lifetime, simply because the more I find out, the",5
Financial Lesson Explanation,1,524,Advice / Principle,more I find out I need to know.,5
Money Concept,1,526,keyword,Then they wonder why they have money problems.,2
Money Concept,1,527,keyword,that more money will solve the problem and dont realize that its their,2
Financial Lesson Explanation,1,529,Cause–Effect Explanation,So my dad has tax problems because he doesnt understand,5
Money Concept,1,532,keyword,you still have the passion to learn about money.,2
Money Concept,1,534,keyword,One day they wake up with big money,2
Money Concept,1,535,keyword,knowing how to work for money instead of studying how to have,2
Money Concept,1,538,keyword,"You said you wanted to learn to not work for money, so Im not going",2
Wealth Creation,1,541,keyword,grow up to be like the two women and the older man sitting in my,4
Money Concept,1,542,keyword,"living room, working for money and hoping I dont fire them.",2
Money Concept,1,543,keyword,"your dad, earning lots of money only to be in debt up to his eyeballs,",2
Money Concept,1,551,keyword,Lesson 1 The Rich Dont Work for Money,2
Financial Lesson Explanation,1,551,Rich vs Poor Comparison,Lesson 1 The Rich Dont Work for Money,5
Money Concept,1,568,keyword,"money, clinging to the illusion of job security and looking forward to a",2
Financial Lesson Explanation,1,571,Cause–Effect Explanation,I may sound unkind because Im doing my best to point something out,5
Financial Lesson Explanation,1,573,Cause–Effect Explanation,something most people never have the benefit of seeing because their,5
Money Concept,1,583,keyword,I couldnt imagine earning that kind of money.,2
Money Concept,1,596,keyword,"without money motivates us to work hard, and then once we get that",2
Money Concept,1,600,keyword,Offer them more money and they continue the cycle by,2
Money Concept,1,610,keyword,"They feel the fear so they go to work, hoping that money will soothe",2
Investment Advice,1,611,keyword,It continues to haunt them and they return,3
Money Concept,1,612,keyword,"to work, hoping again that money will calm their fears, and again it",2
Money Concept,1,613,keyword,"Fear keeps them in this trap of working, earning money,",2
Money Concept,1,614,keyword,"working, earning money, hoping the fear will go away.",2
Money Concept,1,627,keyword,They desire money for the joy they think it can buy.,2
Money Concept,1,628,keyword,"But the joy that money brings is often shortlived, and they soon need",2
Money Concept,1,629,keyword,"more money for more joy, more pleasure, more comfort, and more",2
Money Concept,1,630,keyword,"So they keep working, thinking money will soothe their souls",2
Financial Lesson Explanation,1,631,Cause–Effect Explanation,"people are rich isnt because of desire, but because of fear.",5
Money Concept,1,632,keyword,"that money can eliminate the fear of being poor, so they amass tons of it,",2
Money Concept,1,639,keyword,although they look rich and have more money.,2
Money Concept,1,641,keyword,is just as psychotic as being attached to money.,2
Money Concept,1,646,keyword,"Seeing the money, the derelict came over immediately,",2
Money Concept,1,651,keyword,"If they werent interested in money, then why are they working?",2
Money Concept,1,654,keyword,"the countless times my own dad said, Im not interested in money.",2
Money Concept,1,656,keyword,work for money until all traces of fear,2
Financial Lesson Explanation,1,663,Advice / Principle,"When a person says, I need to find",5
Money Concept,1,665,keyword,"But people do need money if they have bills to pay, I said.",2
Money Concept,1,667,keyword,"money arises, instead of immediately running out to get a job, they",2
Financial Lesson Explanation,1,675,Cause–Effect Explanation,You mean my dad says that because hes afraid?,5
Money Concept,1,679,keyword,"I want to teach you to master the power of money, instead of",2
Money Concept,1,681,keyword,"learn it, you become a slave to money.",2
Money Concept,1,686,keyword,interested in just teaching you to make a pile of money.,2
Money Concept,1,694,keyword,how to handle money or his fear of it.,2
Money Concept,1,696,keyword,So youve been talking about the fear of not having money.,2
Money Concept,1,697,keyword,does the desire for money affect our thinking?,2
Financial Lesson Explanation,1,702,Cause–Effect Explanation,"live their lives chasing paychecks, pay raises and job security because",5
Money Concept,1,711,keyword,people with lots of money often have more fear the richer they get.,2
Money Concept,1,725,keyword,"money, thinking that it will buy you things that will make you happy",2
Financial Lesson Explanation,1,731,Advice / Principle,So what does ignorance have to do with greed and fear?,5
Money Concept,1,732,keyword,Because it is ignorance about money that causes so much greed,2
Financial Lesson Explanation,1,732,Cause–Effect Explanation,Because it is ignorance about money that causes so much greed,5
Money Concept,1,733,keyword,"wanting more money to better provide for his family, raises his fees.",2
Financial Lesson Explanation,1,736,Cause–Effect Explanation,"Because the doctors raise their fees, the attorneys",5
Financial Lesson Explanation,1,737,Cause–Effect Explanation,"Because the attorneys fees have gone up, schoolteachers",5
Financial Lesson Explanation,1,742,Advice / Principle,"In an educated society with a wellrun government, prices should",5
Financial Lesson Explanation,1,744,Cause–Effect Explanation,Prices go up because of greed and fear caused by ignorance.,5
Money Concept,1,745,keyword,"taught people about money, there would be more money and lower",2
Money Concept,1,746,keyword,"But schools focus only on teaching people to work for money,",2
Money Concept,1,754,keyword,"resisted your emotions when I tempted you with more money, you",2
Money Concept,1,758,keyword,"you go with me, youll let go of the idea of working for money and",2
Money Concept,1,759,keyword,instead learn to have money work for you.,2
Financial Lesson Explanation,1,765,Cause–Effect Explanation,Instead of just getting up and going to work because not having the,5
Money Concept,1,766,keyword,"money to pay your bills is scaring you, ask yourself, Is working harder",2
Money Concept,1,773,keyword,"Money controls their lives, or should I say the fear and",2
Financial Lesson Explanation,1,773,Advice / Principle,"Money controls their lives, or should I say the fear and",5
Money Concept,1,774,keyword,"They get up every day and go work for money, not taking the time to",2
Money Concept,1,779,keyword,"lead, thinking we were making money, we were very close to thinking",2
Money Concept,1,780,keyword,The problem was that creating money is legal,2
Money Concept,1,782,keyword,"legal ways to create money from nothing, he told us.",2
Wealth Creation,1,782,keyword,"legal ways to create money from nothing, he told us.",4
Money Concept,1,783,keyword,Rich dad went on to explain that the rich know that money is an,2
Money Concept,1,785,keyword,greed that the illusion of money is held together by billions of people,2
Financial Lesson Explanation,1,786,Cause–Effect Explanation,is only because of the illusion of confidence and the ignorance of the,5
Money Concept,1,793,keyword,because they will continue to believe that money is real and that the,2
Financial Lesson Explanation,1,793,Cause–Effect Explanation,because they will continue to believe that money is real and that the,5
Money Concept,1,801,keyword,making money far beyond what I could ever pay you.,2
Money Concept,1,802,keyword,"opportunities because theyre looking for money and security, so thats",2
Financial Lesson Explanation,1,802,Cause–Effect Explanation,"opportunities because theyre looking for money and security, so thats",5
Money Concept,1,814,keyword,was that I didnt have any money to buy comic books.,2
Money Concept,1,843,keyword,had learned our first lesson so well We learned to make money work,2
Money Concept,1,845,keyword,to use our imaginations to identify an opportunity to make money.,2
Money Concept,1,848,keyword,"part was that our business generated money for us, even when we",2
Money Concept,1,849,keyword,"Instead of paying us money, rich dad had given us so much more.",2
Financial Lesson Explanation,2,860,Advice / Principle,What should I do to prepare my children?,5
Money Concept,2,880,keyword,"are too focused on money and not on their greatest wealth, their",2
Wealth Creation,2,880,keyword,"are too focused on money and not on their greatest wealth, their",4
Wealth Creation,2,882,keyword,"and learn, they will grow richer and richer despite tough changes.",4
Money Concept,2,883,keyword,"If they think money will solve problems, they will have a rough ride.",2
Money Concept,2,884,keyword,"Most people fail to realize that in life, its not how much money",2
Money Concept,2,891,keyword,"accountant took his money, and he was forced to work at a car",2
Financial Lesson Explanation,2,892,Cause–Effect Explanation,He was fired from the car wash because,5
Money Concept,2,898,keyword,"them that in the long run, its not how much money you make.",2
Financial Lesson Explanation,2,903,Advice / Principle,"If you want to be rich, you need to be financially literate.",5
Financial Lesson Explanation,2,906,Advice / Principle,while my rich dad stressed the need to master financial literacy.,5
Wealth Creation,2,907,keyword,"If you are going to build the Empire State Building, the first thing",4
Financial Lesson Explanation,2,908,Advice / Principle,you need to do is dig a deep hole and pour a strong foundation.,5
Wealth Creation,2,909,keyword,"you are going to build a home in the suburbs, all you need to do is",4
Financial Lesson Explanation,2,909,Advice / Principle,"you are going to build a home in the suburbs, all you need to do is",5
Wealth Creation,2,910,keyword,"rich, are trying to build an Empire State Building on a sixinch slab.",4
Financial Lesson Explanation,2,917,Cause–Effect Explanation,possible because we were taught to pour a strong financial foundation,5
Money Concept,2,926,keyword,"understood the simple drawings, the jargon, the movement of money,",2
Wealth Creation,2,933,keyword,drawings helped guide two little boys in building great sums of wealth,4
Assets vs Liabilities,2,934,keyword,Rule 1 You must know the difference between an asset,3
Financial Lesson Explanation,2,934,Advice / Principle,Rule 1 You must know the difference between an asset,5
Financial Lesson Explanation,2,935,Advice / Principle,"If you want to be rich, this is all you need to know.",5
Assets vs Liabilities,2,937,keyword,financially because they do not know the difference between an asset,3
Financial Lesson Explanation,2,937,Cause–Effect Explanation,financially because they do not know the difference between an asset,5
Assets vs Liabilities,2,938,keyword,"liabilities that they think are assets, said rich dad.",3
Assets vs Liabilities,2,944,keyword,"You mean all we need to know is what an asset is, acquire them,",3
Financial Lesson Explanation,2,944,Advice / Principle,"You mean all we need to know is what an asset is, acquire them,",5
Assets vs Liabilities,2,948,keyword,It took rich dad only a few minutes to explain what assets and,3
Financial Lesson Explanation,2,950,Cause–Effect Explanation,simplicity of the idea escapes them because they have been educated,5
Assets vs Liabilities,2,957,keyword,Why would someone buy an asset that was really,3
Assets vs Liabilities,2,959,keyword,What defines something to be an asset or a liability are not words.,3
Assets vs Liabilities,2,960,keyword,"In fact, if you really want to be confused, look up the words asset",3
Money Concept,2,961,keyword,An asset puts money the definition may sound good to a,2
Assets vs Liabilities,2,961,keyword,An asset puts money the definition may sound good to a,3
Money Concept,2,962,keyword,"A liability takes money person, it makes no sense.",2
Assets vs Liabilities,2,962,keyword,"A liability takes money person, it makes no sense.",3
Assets vs Liabilities,2,964,keyword,"To us young boys, rich dad said, What defines an asset are not",3
Assets vs Liabilities,2,966,keyword,an asset from a hole in the ground.,3
Assets vs Liabilities,2,971,keyword,"And I also heard, The rich acquire assets, and the poor and",3
Assets vs Liabilities,2,972,keyword,Here is how to tell the difference between an asset and a liability.,3
Money Concept,2,975,keyword,This is the cashflow pattern of an asset,2
Assets vs Liabilities,2,975,keyword,This is the cashflow pattern of an asset,3
Money Concept,2,976,keyword,"The top part of the diagram is an Income Statement, often called",2
Assets vs Liabilities,2,978,keyword,Its called that because its supposed to balance assets against liabilities.,3
Financial Lesson Explanation,2,978,Cause–Effect Explanation,Its called that because its supposed to balance assets against liabilities.,5
Money Concept,2,980,keyword,"Income Statement and the Balance Sheet, and it is vital to understand",2
Money Concept,2,982,keyword,This is the cashflow pattern of a liability,2
Assets vs Liabilities,2,982,keyword,This is the cashflow pattern of a liability,3
Assets vs Liabilities,2,983,keyword,"Now that assets and liabilities have been defined through pictures,",3
Assets vs Liabilities,2,985,keyword,"If you want to be rich, simply spend your life buying assets.",3
Financial Lesson Explanation,2,985,Rich vs Poor Comparison,"If you want to be rich, simply spend your life buying assets.",5
Assets vs Liabilities,2,986,keyword,"you want to be poor or middle class, spend your life buying liabilities.",3
Financial Lesson Explanation,2,986,Rich vs Poor Comparison,"you want to be poor or middle class, spend your life buying liabilities.",5
Financial Lesson Explanation,2,990,Cause–Effect Explanation,The rich are rich because they are more literate in different areas,5
Wealth Creation,2,992,keyword,"maintain your wealth, its important to be financially literate, in words",4
Assets vs Liabilities,2,997,keyword,they spend their lives buying liabilities instead of assets.,3
Money Concept,2,998,keyword,This is the cashflow pattern of a poor person,2
Money Concept,2,999,keyword,This is the cashflow pattern of a person in the middle class,2
Money Concept,2,1000,keyword,This is the cashflow pattern of a rich person,2
Money Concept,2,1005,keyword,is to illustrate the flaw in believing that money will solve all problems.,2
Money Concept,2,1008,keyword,But more money will often not solve the problem.,2
Money Concept,2,1011,keyword,Money only accentuates the cashflow pattern running in your,2
Money Concept,2,1014,keyword,"saying, A fool and his money is one big party.",2
Financial Lesson Explanation,2,1018,Cause–Effect Explanation,bright student would go on to be a medical doctor because it was the,5
Money Concept,2,1024,keyword,"queens, or CEOs because that is where the fame, money, and prestige",2
Financial Lesson Explanation,2,1024,Cause–Effect Explanation,"queens, or CEOs because that is where the fame, money, and prestige",5
Financial Lesson Explanation,2,1027,Cause–Effect Explanation,"Because students leave school without financial skills, millions",5
Money Concept,2,1029,keyword,"What is missing from their education is not how to make money, but",2
Money Concept,2,1030,keyword,"the money once you make it, how to keep people from taking it from",2
Money Concept,2,1031,keyword,"you, how to keep it longer, and how to make that money work hard",2
Financial Lesson Explanation,2,1033,Cause–Effect Explanation,people often work harder than they need to because they learned how,5
Money Concept,2,1034,keyword,"to work hard, but not how to have their money work hard for them.",2
Money Concept,2,1038,keyword,are saving money because two can live as cheaply as one.,2
Financial Lesson Explanation,2,1038,Cause–Effect Explanation,are saving money because two can live as cheaply as one.,5
Money Concept,2,1039,keyword,money to buy their dream home so they can have kids.,2
Money Concept,2,1043,keyword,"think its income tax, but for most Americans, their highest tax is",2
Financial Lesson Explanation,2,1046,Advice / Principle,really 15 percent since the employer must match the Social Security,5
Money Concept,2,1047,keyword,"In essence, it is money the employer cant pay you.",2
Money Concept,2,1048,keyword,"of that, you still have to pay income tax on the amount deducted from",2
Financial Lesson Explanation,2,1048,Advice / Principle,"of that, you still have to pay income tax on the amount deducted from",5
Money Concept,2,1049,keyword,"your wages for Social Security tax, income you never received because",2
Financial Lesson Explanation,2,1049,Cause–Effect Explanation,"your wages for Social Security tax, income you never received because",5
Assets vs Liabilities,2,1055,keyword,"All of a sudden, they wake up and their liabilities column is",3
Assets vs Liabilities,2,1057,keyword,"calls and says their greatest asset, their home, has appreciated in",3
Financial Lesson Explanation,2,1058,Cause–Effect Explanation,"Because their credit is so good, the company offers a billconsolidation loan and tells them the intelligent thing to do is clear",5
Assets vs Liabilities,2,1068,keyword,and not understanding the difference between an asset and a liability.,3
Financial Lesson Explanation,2,1073,Cause–Effect Explanation,"trillions of dollars on weapons and, because of this, is a powerful",5
Money Concept,2,1079,keyword,"fully understanding money, the vast majority of people allow its",2
Financial Lesson Explanation,2,1082,Cause–Effect Explanation,They do things because everybody else does them.,5
Money Concept,2,1091,keyword,"for anything, be it sports, relationships, careers, or money.",2
Financial Lesson Explanation,2,1095,Advice / Principle,"Occasionally, we all need to look in the mirror and be true to",5
Financial Lesson Explanation,2,1104,Cause–Effect Explanation,to do it this way because thats the way everyone else does it.,5
Financial Lesson Explanation,2,1112,Cause–Effect Explanation,"But because of this, Mike and I couldnt go along with the",5
Money Concept,2,1120,keyword,"the real world, or why we never studied money and how it worked.",2
Money Concept,2,1121,keyword,"To the latter question, we often got the answer that money was not",2
Money Concept,2,1122,keyword,"important, that if we excelled in our education, the money would",2
Money Concept,2,1123,keyword,"The more we knew about the power of money, the more",2
Money Concept,2,1127,keyword,had a far better foundation with money than both my parents.,2
Investment Advice,2,1129,keyword,One day my dad told me that our home was his greatest investment.,3
Investment Advice,2,1131,keyword,thought a house was not a good investment.,3
Assets vs Liabilities,2,1134,keyword,"dad thought his house was an asset, and the other dad thought it was",3
Assets vs Liabilities,2,1143,keyword,It would be a liability since it would,3
Financial Lesson Explanation,2,1145,Cause–Effect Explanation,people to agree with it because your home is an emotional thing,5
Money Concept,2,1146,keyword,"and when it comes to money, high emotions tend to lower financial",2
Money Concept,2,1147,keyword,I know from personal experience that money has a way,2
Money Concept,2,1162,keyword,"If all your money is tied up in your house, you may be forced",2
Money Concept,2,1163,keyword,to work harder because your money continues blowing,2
Financial Lesson Explanation,2,1163,Cause–Effect Explanation,to work harder because your money continues blowing,5
Assets vs Liabilities,2,1164,keyword,"out of the expense column, instead of adding to the asset",3
Money Concept,2,1165,keyword,young couple would put more money into their asset column,2
Assets vs Liabilities,2,1165,keyword,young couple would put more money into their asset column,3
Investment Advice,2,1170,keyword,that is too expensive in lieu of starting an investment portfolio impacts,3
Assets vs Liabilities,2,1172,keyword,"Loss of time, during which other assets could have grown",3
Money Concept,2,1175,keyword,"Because they have no money to invest, they",2
Investment Advice,2,1175,keyword,"Because they have no money to invest, they",3
Financial Lesson Explanation,2,1175,Cause–Effect Explanation,"Because they have no money to invest, they",5
Investment Advice,2,1176,keyword,Most never become what the investment world calls a,3
Assets vs Liabilities,2,1180,keyword,should understand the difference between an asset and a liability.,3
Financial Lesson Explanation,2,1180,Advice / Principle,should understand the difference between an asset and a liability.,5
Assets vs Liabilities,2,1181,keyword,"When I want a bigger house, I first buy assets that will generate the",3
Money Concept,2,1184,keyword,"income, never allowing him enough left over to invest in assets.",2
Assets vs Liabilities,2,1184,keyword,"income, never allowing him enough left over to invest in assets.",3
Investment Advice,2,1184,keyword,"income, never allowing him enough left over to invest in assets.",3
Assets vs Liabilities,2,1185,keyword,"result, his liabilities are larger than his assets.",3
Money Concept,2,1186,keyword,The following diagram on the left shows my poor dads income,2
Assets vs Liabilities,2,1187,keyword,expenses are equal while his liabilities are larger than his assets.,3
Assets vs Liabilities,2,1189,keyword,results of a life dedicated to investing and minimizing liabilities.,3
Money Concept,2,1191,keyword,The asset column generates more than enough income to,2
Assets vs Liabilities,2,1191,keyword,The asset column generates more than enough income to,3
Assets vs Liabilities,2,1192,keyword,"cover expenses, with the balance reinvested into the asset column.",3
Money Concept,2,1193,keyword,"asset column continues to grow and, therefore, the income it produces",2
Assets vs Liabilities,2,1193,keyword,"asset column continues to grow and, therefore, the income it produces",3
Wealth Creation,2,1193,keyword,"asset column continues to grow and, therefore, the income it produces",4
Financial Lesson Explanation,2,1193,Cause–Effect Explanation,"asset column continues to grow and, therefore, the income it produces",5
Money Concept,2,1197,keyword,"salary increase hence, the phrase the Rat Race.",2
Assets vs Liabilities,2,1198,keyword,"as their primary asset, instead of investing in incomeproducing assets.",3
Investment Advice,2,1199,keyword,"This pattern of treating your home as an investment, and the",3
Financial Lesson Explanation,2,1206,Cause–Effect Explanation,"Today, mutual funds are popular because they supposedly",5
Money Concept,2,1212,keyword,their money is safer because it is diversified.,2
Financial Lesson Explanation,2,1212,Cause–Effect Explanation,their money is safer because it is diversified.,5
Financial Lesson Explanation,2,1216,Cause–Effect Explanation,to play it safe is because their financial positions are tenuous at best.,5
Money Concept,2,1217,keyword,and have no real assets that generate income.,2
Assets vs Liabilities,2,1217,keyword,and have no real assets that generate income.,3
Financial Lesson Explanation,2,1219,Cause–Effect Explanation,these people cant take advantage of them because they are working so,5
Assets vs Liabilities,2,1222,keyword,is to know the difference between an asset and a liability.,3
Assets vs Liabilities,2,1225,keyword,"Keep doing that, and your asset column will grow.",3
Wealth Creation,2,1225,keyword,"Keep doing that, and your asset column will grow.",4
Money Concept,2,1226,keyword,Keep liabilities and expenses down so more money is available to,2
Assets vs Liabilities,2,1226,keyword,Keep liabilities and expenses down so more money is available to,3
Assets vs Liabilities,2,1241,keyword,businessfocusing your efforts on acquiring assets instead of a bigger,3
Assets vs Liabilities,2,1242,keyword,job and rely on their wages to fund their acquisition of assets.,3
Assets vs Liabilities,2,1243,keyword,"As their assets grow, how do they measure the extent of their",3
Wealth Creation,2,1243,keyword,"As their assets grow, how do they measure the extent of their",4
Assets vs Liabilities,2,1245,keyword,"As well as having my own definitions for assets and liabilities,",3
Wealth Creation,2,1246,keyword,I also have my own definition for wealth.,4
Wealth Creation,2,1248,keyword,"the application, Fuller also said something about wealth.",4
Wealth Creation,2,1250,keyword,Wealth is a persons ability to survive so many number of days,4
Assets vs Liabilities,2,1252,keyword,"Unlike net worththe difference between your assets and liabilities,",3
Assets vs Liabilities,2,1257,keyword,"Although net worth often includes noncashproducing assets, like",3
Wealth Creation,2,1258,keyword,"stuff you bought that now sits in your garage, wealth measures how",4
Money Concept,2,1259,keyword,"much money your money is making and, therefore, your financial",2
Financial Lesson Explanation,2,1259,Cause–Effect Explanation,"much money your money is making and, therefore, your financial",5
Assets vs Liabilities,2,1260,keyword,Wealth is the measure of the cash flow from the asset column,3
Wealth Creation,2,1260,keyword,Wealth is the measure of the cash flow from the asset column,4
Assets vs Liabilities,2,1261,keyword,Lets say I have cash flow from my asset,3
Assets vs Liabilities,2,1264,keyword,"When I achieve 2,000 a month cash flow from my assets, then",3
Assets vs Liabilities,2,1266,keyword,generated from assets each month that fully cover my monthly,3
Financial Lesson Explanation,2,1267,Advice / Principle,"If I want to increase my expenses, I first must increase my",5
Wealth Creation,2,1268,keyword,cash flow to maintain this level of wealth.,4
Assets vs Liabilities,2,1270,keyword,"and been successful in, building an asset column that has made me",3
Assets vs Liabilities,2,1272,keyword,cover my monthly expenses with the cash flow from my assets.,3
Assets vs Liabilities,2,1274,keyword,"into my asset column, the more my asset column grows.",3
Assets vs Liabilities,2,1275,keyword,"my assets grow, the more my cash flow grows.",3
Wealth Creation,2,1275,keyword,"my assets grow, the more my cash flow grows.",4
Assets vs Liabilities,2,1276,keyword,"expenses less than the cash flow from these assets, I grow richer with",3
Wealth Creation,2,1276,keyword,"expenses less than the cash flow from these assets, I grow richer with",4
Money Concept,2,1277,keyword,more and more income from sources other than my physical labor.,2
Assets vs Liabilities,2,1279,keyword,The middle class buy liabilities they think are assets.,3
Assets vs Liabilities,3,1282,keyword,The rich focus on their asset columns while,3
Money Concept,3,1315,keyword,"will revolve around their wages or, as described earlier, their income",2
Money Concept,3,1318,keyword,skills allow them to enter the workforce and work for money.,2
Assets vs Liabilities,3,1330,keyword,"Your business revolves around your asset column, not your",3
Assets vs Liabilities,3,1332,keyword,"the difference between an asset and a liability, and to buy assets.",3
Assets vs Liabilities,3,1333,keyword,"The rich focus on their asset columns, while everyone else focuses on",3
Money Concept,3,1336,keyword,focus on the income column and will only help a person become more,2
Money Concept,3,1337,keyword,financially secure if the additional money is used to purchase incomegenerating assets.,2
Assets vs Liabilities,3,1337,keyword,financially secure if the additional money is used to purchase incomegenerating assets.,3
Assets vs Liabilities,3,1341,keyword,"workers found out their largest socalled asset, their home, was eating",3
Money Concept,3,1342,keyword,Their asset was costing them money every month.,2
Assets vs Liabilities,3,1342,keyword,Their asset was costing them money every month.,3
Assets vs Liabilities,3,1345,keyword,assets could not help them survive in a time of financial crisis.,3
Financial Lesson Explanation,3,1348,Cause–Effect Explanation,section because of what accepted banking and accounting practices,5
Assets vs Liabilities,3,1352,keyword,personal effects to boost the number in the asset column.,3
Investment Advice,3,1353,keyword,But I was turned down because I had too much investment real,3
Financial Lesson Explanation,3,1353,Cause–Effect Explanation,But I was turned down because I had too much investment real,5
Money Concept,3,1354,keyword,The loan committee didnt like that I made so much money,2
Financial Lesson Explanation,3,1360,Cause–Effect Explanation,"reasons net worth is not accurate is simply because, the moment you",5
Assets vs Liabilities,3,1361,keyword,"begin selling your assets, you are taxed for any gains.",3
Assets vs Liabilities,3,1363,keyword,But their personal assets can generally be sold for only a fraction of,3
Assets vs Liabilities,3,1365,keyword,"a gain on the sale of the assets, they are taxed on the gain.",3
Assets vs Liabilities,3,1368,keyword,"start buying real assets, not liabilities or personal effects that have no",3
Assets vs Liabilities,3,1370,keyword,not a true asset even if your banker lets you list it as one.,3
Assets vs Liabilities,3,1372,keyword,"Keep expenses low, reduce liabilities, and diligently build a base of",3
Wealth Creation,3,1372,keyword,"Keep expenses low, reduce liabilities, and diligently build a base of",4
Assets vs Liabilities,3,1374,keyword,for parents to teach them the difference between an asset and a liability.,3
Assets vs Liabilities,3,1375,keyword,"Get them to start building a solid asset column before they leave home,",3
Money Concept,3,1382,keyword,begin to scramble to put some money away.,2
Assets vs Liabilities,3,1384,keyword,So what kind of assets am I suggesting that you or your children,3
Assets vs Liabilities,3,1385,keyword,"In my world, real assets fall into the following categories",3
Money Concept,3,1389,keyword,"Anything else that has value, produces income or appreciates,",2
Assets vs Liabilities,3,1391,keyword,But my rich dad encouraged me to begin acquiring assets that I loved.,3
Financial Lesson Explanation,3,1395,Cause–Effect Explanation,"I also love stocks of small companies, especially startups, because",5
Investment Advice,3,1403,keyword,"Start minding your own investment is, understand it, and know",3
Investment Advice,3,1404,keyword,"daytime job, but start investment strategy is to be out of the",3
Financial Lesson Explanation,3,1406,Cause–Effect Explanation,"and, therefore, delay paying taxes on the gain.",5
Assets vs Liabilities,3,1410,keyword,I was active in my asset column trading real,3
Wealth Creation,3,1420,keyword,"When I say mind your own business, I mean to build and keep",4
Assets vs Liabilities,3,1422,keyword,"Think of it this way Once a dollar goes into your asset column, it",3
Money Concept,3,1423,keyword,The best thing about money is that it works,2
Assets vs Liabilities,3,1425,keyword,"great hardworking employee, but keep building that asset column.",3
Financial Lesson Explanation,3,1430,Cause–Effect Explanation,"jewelry, or boats because they want to look rich.",5
Assets vs Liabilities,3,1432,keyword,"people, the longterm rich, build their asset column first.",3
Wealth Creation,3,1432,keyword,"people, the longterm rich, build their asset column first.",4
Money Concept,3,1433,keyword,income generated from the asset column buys their luxuries.,2
Assets vs Liabilities,3,1433,keyword,income generated from the asset column buys their luxuries.,3
Money Concept,3,1436,keyword,"For example, when my wife Kim and I had extra money",2
Financial Lesson Explanation,3,1438,Cause–Effect Explanation,It didnt take any extra work or risk on her part because,5
Investment Advice,3,1439,keyword,four years while the real estate investment portfolio grew and began,3
Financial Lesson Explanation,3,1441,Cause–Effect Explanation,"the Mercedes, was a true reward because she proved she knew how to",5
Financial Lesson Explanation,3,1446,Cause–Effect Explanation,resent that luxury because the debt becomes a financial burden.,5
Financial Lesson Explanation,4,1457,Advice / Principle,should pay more in taxes and give it to the poor.,5
Financial Lesson Explanation,4,1460,Cause–Effect Explanation,The reason the middle class is so heavily taxed is because of the,5
Financial Lesson Explanation,4,1463,Advice / Principle,"Again, to understand fully how things happen, we need to look",5
Money Concept,4,1470,keyword,"In 1874, England made income tax a permanent levy on its citizens.",2
Money Concept,4,1471,keyword,"In 1913, an income tax became permanent in the United States with",2
Money Concept,4,1476,keyword,the United States to sell the idea of a regular income tax.,2
Money Concept,4,1483,keyword,"Once government got a taste of money, its appetite grew, said rich",2
Money Concept,4,1485,keyword,He gets paid to spend money and hire people.,2
Money Concept,4,1489,keyword,"people I hire and the less money I spend, the more I am respected by my",2
Financial Lesson Explanation,4,1491,Advice / Principle,My educated dad sincerely believed that government should help,5
Financial Lesson Explanation,4,1500,Advice / Principle,My rich dad did not see rich were greedy crooks who should be,5
Financial Lesson Explanation,4,1505,Cause–Effect Explanation,"As I said, the passage of taxes was only possible because the",5
Money Concept,4,1507,keyword,appetite for money was so great that taxes soon needed to be levied on,2
Financial Lesson Explanation,4,1509,Cause–Effect Explanation,"However, the rich saw an opportunity because they dont play by",5
Assets vs Liabilities,4,1510,keyword,as a vehicle to limit their risk to the assets of each voyage.,3
Money Concept,4,1511,keyword,their money into a corporation to finance the voyage.,2
Money Concept,4,1514,keyword,be limited only to the money they invested for that particular voyage.,2
Money Concept,4,1516,keyword,outside your personal income statement and balance sheet.,2
Financial Lesson Explanation,4,1525,Cause–Effect Explanation,The rich outsmarted the intellectuals solely because they understood,5
Money Concept,4,1526,keyword,"the power of money, a subject not taught in schools.",2
Money Concept,4,1530,keyword,"The government received a large pool of money,",2
Money Concept,4,1531,keyword,but the problem was the fiscal management of that money.,2
Money Concept,4,1532,keyword,government ideal is to avoid having excess money.,2
Money Concept,4,1534,keyword,"other hand, are rewarded for having excess money and are applauded for",2
Money Concept,4,1536,keyword,"the demand for money increased, and the taxtherich idea was adjusted",2
Wealth Creation,4,1546,keyword,wealth of the rich was once again protected.,4
Money Concept,4,1560,keyword,"They have the money, power, and intent to change",2
Financial Lesson Explanation,4,1566,Cause–Effect Explanation,who find them because they are minding their own business.,5
Investment Advice,4,1570,keyword,Real estate is one investment vehicle that has a great,3
Wealth Creation,4,1572,keyword,of these legal tax savings are missing a great opportunity to build their,4
Financial Lesson Explanation,4,1576,Cause–Effect Explanation,"of people who pay more taxes, or take fewer deductions, simply because",5
Money Concept,4,1585,keyword,"If you work for money, that requires the right knowledge to",2
Money Concept,4,1589,keyword,"The first lesson of having money work for you, as",2
Money Concept,4,1590,keyword,"opposed to you working for money, is all about power.",2
Money Concept,4,1591,keyword,"money, you give the power to your employer.",2
Money Concept,4,1592,keyword,Once we had this knowledge of the power of money working,2
Financial Lesson Explanation,4,1599,Cause–Effect Explanation,He knew the law because he was a lawabiding citizen and,5
Financial Lesson Explanation,4,1600,Cause–Effect Explanation,because it was expensive to not know the law.,5
Money Concept,4,1617,keyword,"I was making a lot of money, but every time I",2
Assets vs Liabilities,4,1622,keyword,"a few assets in my asset column, but now I was determined to focus",3
Assets vs Liabilities,4,1626,keyword,business and developing assets made me a better employee because,3
Financial Lesson Explanation,4,1626,Cause–Effect Explanation,business and developing assets made me a better employee because,5
Money Concept,4,1628,keyword,as much money as possible so I could invest in real estate.,2
Investment Advice,4,1628,keyword,as much money as possible so I could invest in real estate.,3
Money Concept,4,1631,keyword,"The more I sold, the more money I made",2
Assets vs Liabilities,4,1637,keyword,I was making in my asset column in my own corporation was,3
Money Concept,4,1638,keyword,"money working for me, not me pounding on doors selling copiers.",2
Money Concept,4,1642,keyword,My money was working hard to make more money.,2
Assets vs Liabilities,4,1643,keyword,"in my asset column was a great employee, working hard to make",3
Financial Lesson Explanation,4,1647,Cause–Effect Explanation,It was made possible because of the strong financial knowledge I,5
Wealth Creation,4,1653,keyword,This is a vital skill if you want to build an empire.,4
Money Concept,4,1654,keyword,"money you are responsible for, the more accuracy is required,",2
Money Concept,4,1657,keyword,Investing is the science of money making money.,2
Financial Lesson Explanation,4,1660,Advice / Principle,"You need to know the technical aspects of the market, which are",5
Wealth Creation,4,1675,keyword,The rich hide much of their wealth using,4
Assets vs Liabilities,4,1684,keyword,"But I will say that if you own any kind of legitimate assets,",3
Wealth Creation,4,1692,keyword,"wealth, it is the combination of these skills that will greatly amplify",4
Financial Lesson Explanation,5,1699,Cause–Effect Explanation,pains because the demand for his new invention was so strong.,5
Investment Advice,5,1753,keyword,One afternoon I was teaching how to invest using a board game,3
Money Concept,5,1754,keyword,"I had invented, CASHFLOW, as a teaching tool.",2
Money Concept,5,1756,keyword,The game was designed to help people learn how money works.,2
Money Concept,5,1757,keyword,"In playing the game, they learn about the interaction of the income",2
Money Concept,5,1758,keyword,You can play CASHFLOW They learn how cash flows between,2
Wealth Creation,5,1759,keyword,the two and how the road to wealth,4
Money Concept,5,1766,keyword,"income statement and balance sheet, she got frustrated because she",2
Financial Lesson Explanation,5,1766,Cause–Effect Explanation,"income statement and balance sheet, she got frustrated because she",5
Money Concept,5,1768,keyword,"continued explaining the relationship between the income statement,",2
Financial Lesson Explanation,5,1781,Advice / Principle,as reflecting back to them what they know and what they need to learn.,5
Money Concept,5,1790,keyword,She realized that her anger at doing the numbersthe income,2
Money Concept,5,1794,keyword,"years of their marriage, he had hidden money from her.",2
Money Concept,5,1795,keyword,"at herself for not being more aware of where the money was going, as",2
Financial Lesson Explanation,5,1799,Advice / Principle,"not long ago, I complained to my wife that the cleaners must have",5
Money Concept,5,1802,keyword,The CASHFLOW game was designed to give every player personal,2
Wealth Creation,5,1805,keyword,the purpose of the game to teach players to think and create new and,4
Money Concept,5,1810,keyword,"Play CASHFLOW Classic gain lots of money in the game, but",2
Money Concept,5,1812,keyword,have a lot of money and do not,2
Money Concept,5,1822,keyword,I have watched people playing CASHFLOW complain that the right,2
Money Concept,5,1824,keyword,gotten out of the Rat Race if they had had more money.,2
Money Concept,5,1828,keyword,"money, the time is right, they have the card, but they cant see the",2
Money Concept,5,1835,keyword,"and you have no money and the bank wont talk to you, what else can",2
Financial Lesson Explanation,5,1842,Cause–Effect Explanation,Because you want to be the kind of person who creates your own luck.,5
Money Concept,5,1845,keyword,"create money instead of working hard, then your financial intelligence",2
Wealth Creation,5,1845,keyword,"create money instead of working hard, then your financial intelligence",4
Money Concept,5,1851,keyword,came to the secret of money on that first day we got together and began,2
Money Concept,5,1852,keyword,"think money is, the harder you will work for it.",2
Money Concept,5,1853,keyword,"that money is not real, you will grow richer faster.",2
Wealth Creation,5,1853,keyword,"that money is not real, you will grow richer faster.",4
Money Concept,5,1855,keyword,What is money if it is not real?,2
Assets vs Liabilities,5,1857,keyword,The single most powerful asset we all have is our mind.,3
Wealth Creation,5,1858,keyword,"trained well, it can create enormous wealth seemingly instantaneously.",4
Wealth Creation,5,1859,keyword,An untrained mind can also create extreme poverty that can crush a,4
Money Concept,5,1860,keyword,"In the Information Age, money is increasing exponentially.",2
Assets vs Liabilities,5,1862,keyword,"powerful asset we all for a living, they see it done all the",3
Money Concept,5,1867,keyword,I do it because I want to make money fast.,2
Financial Lesson Explanation,5,1867,Cause–Effect Explanation,I do it because I want to make money fast.,5
Financial Lesson Explanation,5,1868,Cause–Effect Explanation,financial IQ because I want to participate in the fastest game and,5
Investment Advice,5,1872,keyword,"That is why I invest in my financial intelligence, developing the most",3
Money Concept,5,1875,keyword,I will give you a simple example of creating money.,2
Money Concept,5,1879,keyword,"Well, putting money away every month is a sound idea.",2
Money Concept,5,1881,keyword,opportunities for much more significant growth of their money.,2
Financial Lesson Explanation,5,1884,Cause–Effect Explanation,"Because people were giving properties away, I was buying.",5
Money Concept,5,1893,keyword,"advertising a 75,000 house for only 60,000 and no money down.",2
Money Concept,5,1900,keyword,"The 40,000 was created from money in my asset column",2
Assets vs Liabilities,5,1900,keyword,"The 40,000 was created from money in my asset column",3
Wealth Creation,5,1905,keyword,"in larger properties and the stock market, we were able to create more",4
Assets vs Liabilities,5,1906,keyword,"than 190,000 in assets notes at 10 percent interest in those six buy,",3
Money Concept,5,1907,keyword,"a year income, much of it sheltered through our private corporation.",2
Money Concept,5,1910,keyword,"government gets a chance to tax that income, its been spent on legally",2
Money Concept,5,1911,keyword,"This was a simple example of how money is invented, created, and",2
Money Concept,5,1913,keyword,bank pay you 10 percent interest on your money?,2
Money Concept,5,1916,keyword,"30 years is a little over 500,000 in income.",2
Money Concept,5,1922,keyword,Its an example of no money making a lot of money.,2
Money Concept,5,1925,keyword,be if I got paid money to make money?,2
Money Concept,5,1927,keyword,"saving 100 a month, which actually starts out as 150 because its aftertax income for 40 years earning low interest.",2
Financial Lesson Explanation,5,1927,Cause–Effect Explanation,"saving 100 a month, which actually starts out as 150 because its aftertax income for 40 years earning low interest.",5
Assets vs Liabilities,5,1931,keyword,"asset, my time, to go out looking for them.",3
Assets vs Liabilities,5,1932,keyword,to move on and look for other opportunities to put in the asset column.,3
Financial Lesson Explanation,5,1935,Cause–Effect Explanation,I have no roofs to fix or toilets to unplug because the,5
Financial Lesson Explanation,5,1936,Cause–Effect Explanation,"And that is wonderful because there are late fees, or they move out and",5
Money Concept,5,1939,keyword,"create hundreds of thousands of dollars, with little money and low risk.",2
Wealth Creation,5,1939,keyword,"create hundreds of thousands of dollars, with little money and low risk.",4
Money Concept,5,1940,keyword,It is an example of money being only an agreement.,2
Assets vs Liabilities,5,1943,keyword,"in the asset column, and no taxes were paid.",3
Assets vs Liabilities,5,1946,keyword,Harness the power of your brain and the asset column.,3
Investment Advice,5,1951,keyword,I know the above investment strategy is a small one.,3
Wealth Creation,5,1952,keyword,to illustrate how small can grow into big.,4
Wealth Creation,5,1957,keyword,This is a vital skill if you want to build,4
Money Concept,5,1958,keyword,Investing is the science of money making money.,2
Wealth Creation,5,1964,keyword,"that is needed to be successful in the pursuit of wealth, whether it be",4
Assets vs Liabilities,5,1970,keyword,the asset column and will probably begin selling.,3
Financial Lesson Explanation,5,1972,Advice / Principle,I need to call my accountant to be prepared for,5
Financial Lesson Explanation,5,1979,Cause–Effect Explanation,it because I know there are changes coming.,5
Financial Lesson Explanation,5,1981,Cause–Effect Explanation,"I want to continually develop my financial intelligence because,",5
Financial Lesson Explanation,5,1986,Cause–Effect Explanation,I hesitate using many more examples of personal investments because,5
Financial Lesson Explanation,5,1989,Cause–Effect Explanation,examples because I want you to know that it is easy.,5
Financial Lesson Explanation,5,1996,Advice / Principle,sense are all you need to do well financially.,5
Wealth Creation,5,1998,keyword,To show that anyone can achieve great wealth.,4
Money Concept,5,2017,keyword,"California investors, flush with money from their still",2
Money Concept,5,2022,keyword,"exchange, and I went shopping for a place to put my money.",2
Wealth Creation,5,2033,keyword,The point of this example is how a small amount can grow into,4
Investment Advice,5,2035,keyword,"statements, investment strategies, a sense of the market, and the laws.",3
Financial Lesson Explanation,5,2036,Advice / Principle,"If people are not versed in these subjects, then obviously they must",5
Money Concept,5,2051,keyword,more money I make simply because I gain experience and wisdom as,2
Financial Lesson Explanation,5,2051,Cause–Effect Explanation,more money I make simply because I gain experience and wisdom as,5
Assets vs Liabilities,5,2054,keyword,My overall philosophy is to plant seeds inside my asset column,3
Investment Advice,5,2056,keyword,"It is our own REIT, or real estate investment trust.",3
Money Concept,5,2062,keyword,specifically with investors like us who have extra money each month,2
Money Concept,5,2072,keyword,if youre just throwing money into a deal and praying.,2
Investment Advice,5,2077,keyword,primary reason I constantly encourage people to invest more in their,3
Financial Lesson Explanation,5,2106,Cause–Effect Explanation,Most people never get wealthy simply because they,5
Financial Lesson Explanation,5,2116,Cause–Effect Explanation,people are not rich is because they are terrified of losing.,5
Money Concept,5,2117,keyword,I look at money much like my game of tennis.,2
Financial Lesson Explanation,5,2133,Cause–Effect Explanation,"put the pieces together, because that is where the huge wins reside, and",5
Financial Lesson Explanation,5,2135,Advice / Principle,"If you want to be the second type of investor, you need to develop",5
Money Concept,5,2141,keyword,"Its not a lot of money, but it sure beats",2
Money Concept,5,2144,keyword,"of raising money, more than the houses themselves, that",2
Money Concept,5,2146,keyword,"money, or I dont have the money to buy it.",2
Financial Lesson Explanation,5,2147,Advice / Principle,"be a typetwo investor, you need to learn how to do that which",5
Money Concept,5,2149,keyword,lack of money stop them from making a deal.,2
Wealth Creation,5,2163,keyword,It is what you know that is your greatest wealth.,4
Financial Lesson Explanation,6,2183,Advice / Principle,Are you saying I should go to school to learn to sell?,5
Financial Lesson Explanation,6,2188,Advice / Principle,I would not have to be a sales person.,5
Financial Lesson Explanation,6,2189,Advice / Principle,So tell me why I should study sales?,5
Money Concept,6,2207,keyword,and master one more skill and their income would jump exponentially.,2
Money Concept,6,2209,keyword,technical skills and making money with money is easier than most,2
Money Concept,6,2210,keyword,"When it comes to money, the only skill most",2
Financial Lesson Explanation,6,2222,Cause–Effect Explanation,because we knew it would get tons of publicity.,5
Money Concept,6,2235,keyword,"specialization that is, in order to make more money or get promoted,",2
Financial Lesson Explanation,6,2255,Advice / Principle,dad emphasized that I should stay in the Pacific instead of taking ships,5
Financial Lesson Explanation,6,2256,Cause–Effect Explanation,"to Europe because he knew that the emerging nations were in Asia, not",5
Financial Lesson Explanation,6,2265,Advice / Principle,"what you need to learn next, he said.",5
Investment Advice,6,2283,keyword,investment company invests in South American countries and Asian,3
Financial Lesson Explanation,6,2287,Cause–Effect Explanation,"Because school does not think financial intelligence is an intelligence,",5
Money Concept,6,2322,keyword,"have corner offices will be able to expect in the way of pension income,",2
Money Concept,6,2325,keyword,"enough money to live on when theyre older, they can always blow",2
Financial Lesson Explanation,6,2329,Advice / Principle,"need to make tough decisions such as, Who will live, and who will",5
Money Concept,6,2330,keyword,They make those decisions purely on how much money they,2
Money Concept,6,2336,keyword,"When I speak to adults who want to earn more money, I always",2
Money Concept,6,2338,keyword,"Instead of simply working for the money and security, which I admit",2
Financial Lesson Explanation,6,2348,Cause–Effect Explanation,"I say, Im not interested in going to the gym, but I go because I want",5
Financial Lesson Explanation,6,2363,Cause–Effect Explanation,"Personally, I take no sides because I can see the need for and",5
Financial Lesson Explanation,6,2374,Cause–Effect Explanation,protection of their union because their skills are also of limited value,5
Money Concept,6,2377,keyword,"hamburger, how come McDonalds makes more money than you?",2
Financial Lesson Explanation,6,2379,Cause–Effect Explanation,The reason so many talented people are poor is because they,5
Wealth Creation,6,2388,keyword,This is a common case of someone who can build a beautiful,4
Financial Lesson Explanation,6,2394,Cause–Effect Explanation,"because of what they know, but because of what they do not know.",5
Financial Lesson Explanation,6,2435,Cause–Effect Explanation,They earn that much because they have specialized,5
Financial Lesson Explanation,6,2448,Advice / Principle,need to be good teachers as well as good students.,5
Financial Lesson Explanation,6,2449,Advice / Principle,we need to be able to give as well as to receive.,5
Financial Lesson Explanation,6,2451,Cause–Effect Explanation,I know many people who are poor because they are neither good,5
Money Concept,6,2454,keyword,My rich dad gave lots of money away.,2
Money Concept,6,2455,keyword,Giving money is the secret to most great,2
Wealth Creation,6,2457,keyword,"to take their wealth and increase it, as well as give it away in perpetuity.",4
Money Concept,6,2458,keyword,"My educated dad always said, When I have some extra money,",2
Money Concept,6,2460,keyword,"worked harder to draw more money in, rather than focus on the most",2
Money Concept,6,2461,keyword,"important law of money Give, and you shall receive.",2
Money Concept,6,2462,keyword,capitalist who loves the game of money making money.,2
Assets vs Liabilities,7,2468,keyword,abundant asset columns that could produce a large cash flow.,3
Money Concept,7,2469,keyword,I have never met anyone who really likes losing money.,2
Money Concept,7,2470,keyword,"my years, I have never met a rich person who has never lost money.",2
Money Concept,7,2478,keyword,"money was this little rhyme If you hate risk and worry, start early.",2
Money Concept,7,2483,keyword,money left over to buy much of Los Angeles.,2
Money Concept,7,2485,keyword,How do you handle the fear of losing money?,2
Financial Lesson Explanation,7,2486,Rich vs Poor Comparison,"My rich dad, on the other hand, recommended that I think",5
Money Concept,7,2491,keyword,"like roaches when it comes to money, terrified that someone will shine",2
Financial Lesson Explanation,7,2497,Cause–Effect Explanation,of financial success was because most people played it too safe.,5
Money Concept,7,2505,keyword,And Ive never met someone rich who has never lost money.,2
Financial Lesson Explanation,7,2506,Cause–Effect Explanation,"So for most people, the reason they dont win financially is because",5
Money Concept,7,2507,keyword,the pain of losing money is far greater than the joy of being rich.,2
Financial Lesson Explanation,7,2511,Cause–Effect Explanation,financially is because stories about his trips to Texas.,5
Money Concept,7,2512,keyword,the pain of losing money really want to learn the attitude of how,2
Money Concept,7,2543,keyword,people are so afraid of losing money that they lose.,2
Financial Lesson Explanation,7,2547,Cause–Effect Explanation,financially is because they play not to lose.,5
Investment Advice,7,2554,keyword,and balanced on your investment portfolio is not the way successful,3
Money Concept,7,2555,keyword,If you have little money and you want to,2
Financial Lesson Explanation,7,2556,Advice / Principle,"be rich, you must first be focused, not balanced.",5
Financial Lesson Explanation,7,2562,Advice / Principle,"If you have any desire to be rich, you must focus.",5
Financial Lesson Explanation,7,2566,Cause–Effect Explanation,accumulating your nest egg early because it will take time.,5
Financial Lesson Explanation,7,2569,Advice / Principle,"If failure inspires you to win, maybe you should go for itbut",5
Financial Lesson Explanation,7,2574,Cause–Effect Explanation,"I say all this, mentioning Texas and Fran Tarkenton, because",5
Assets vs Liabilities,7,2575,keyword,your asset column is a game in which attitude plays a major role.,3
Money Concept,7,2582,keyword,What if I lose control and I cant pay the money back?,2
Financial Lesson Explanation,7,2590,Definition / Explanation,Peter Lynch of Fidelity Magellan mutualfund fame refers to,5
Money Concept,7,2596,keyword,If they had invested that money wisely in,2
Financial Lesson Explanation,7,2601,Cause–Effect Explanation,"Most people are poor because, when it comes to investing, the",5
Assets vs Liabilities,7,2623,keyword,"In another example, I hold a small portion of my assets in",3
Money Concept,7,2625,keyword,"money, which certainly beats the interest rates banks offer on CDs.",2
Money Concept,7,2628,keyword,Almost every time I tell someone that I hold my money,2
Money Concept,7,2629,keyword,"this way, especially if they have money in CDs, they will tell me its",2
Financial Lesson Explanation,7,2630,Advice / Principle,They tell me why I should not do it.,5
Investment Advice,7,2631,keyword,"they get their information, they say from a friend or an investment",3
Investment Advice,7,2641,keyword,Real estate is a powerful investment tool for anyone seeking,3
Financial Lesson Explanation,7,2648,Cause–Effect Explanation,"Because I, too, do not want to fix toilets, I shop hard for a property",5
Financial Lesson Explanation,7,2651,Advice / Principle,estate since I dont have to fix toilets.,5
Financial Lesson Explanation,7,2656,Cause–Effect Explanation,"Because I do not want to fix toilets either, I figured out",5
Investment Advice,7,2659,keyword,deny themselves the use of this powerful investment vehicle.,3
Money Concept,7,2662,keyword,They dont make money because they choose to not lose,2
Financial Lesson Explanation,7,2662,Cause–Effect Explanation,They dont make money because they choose to not lose,5
Financial Lesson Explanation,7,2675,Cause–Effect Explanation,"smiled because, a month earlier, that little oil company hit oil and",5
Financial Lesson Explanation,7,2683,Advice / Principle,"than what they do want, I know the noise in their head must be loud.",5
Financial Lesson Explanation,7,2708,Cause–Effect Explanation,Im buying this for you because I never had this advantage,5
Financial Lesson Explanation,7,2719,Advice / Principle,"spirit is angry, and your lazy mind must defend its lie.",5
Financial Lesson Explanation,7,2741,Cause–Effect Explanation,We go to school and study hard because we want,5
Financial Lesson Explanation,7,2742,Advice / Principle,"you know you should be doing, then the only thing to ask yourself is,",5
Money Concept,7,2762,keyword,But what happens if you dont have enough money?,2
Assets vs Liabilities,7,2763,keyword,My asset column is far more important to me than,3
Money Concept,7,2766,keyword,"I just said I pay myself first, even if Im short of money.",2
Money Concept,7,2776,keyword,So it is the fear of the government or other people you owe money,2
Money Concept,7,2780,keyword,extra money is like going to the gym and working out with weights.,2
Money Concept,7,2781,keyword,"more I work my mental money muscles out, the stronger I get.",2
Money Concept,7,2785,keyword,around all my lifejust because I dont have good money habits.,2
Financial Lesson Explanation,7,2785,Cause–Effect Explanation,around all my lifejust because I dont have good money habits.,5
Money Concept,7,2786,keyword,"Every time I have been arrogant, I have lost money.",2
Money Concept,7,2792,keyword,"There are many people in the world of money, finances, and",2
Money Concept,7,2794,keyword,Most people in the money industry are just spouting off sales pitches,2
Wealth Creation,8,2798,keyword,"I wish I could say acquiring wealth was easy for me, but it wasnt.",4
Money Concept,8,2801,keyword,"But when it comes to money, it takes",2
Financial Lesson Explanation,8,2805,Cause–Effect Explanation,It lies asleep because our culture has educated us into believing that,5
Money Concept,8,2806,keyword,the love of money is the root of all evil.,2
Money Concept,8,2807,keyword,"profession so we can work for money, but failed to teach us how to have",2
Financial Lesson Explanation,8,2809,Cause–Effect Explanation,because our company or the government would take care of us when,5
Money Concept,8,2812,keyword,"The message is still to work hard, earn money, and spend it,",2
Financial Lesson Explanation,8,2815,Cause–Effect Explanation,"above dogma, simply because its easier to find a job and work for",5
Wealth Creation,8,2840,keyword,"I will list a few first, the dont wants, for they create the wants.",4
Financial Lesson Explanation,8,2844,Cause–Effect Explanation,I hated that my dad always missed my football games because,5
Money Concept,8,2852,keyword,I have lost money and been set back many,2
Assets vs Liabilities,8,2865,keyword,pointed out to me the difference between an asset and a liability.,3
Assets vs Liabilities,8,2867,keyword,"all I had to do was learn to acquire assets, real assets.",3
Assets vs Liabilities,8,2868,keyword,"Mike, had an asset column handed to him, but he still had to choose",3
Assets vs Liabilities,8,2869,keyword,Many rich families lose their assets in the next,3
Financial Lesson Explanation,8,2870,Cause–Effect Explanation,generation simply because there was no one trained to be a good,5
Money Concept,8,2872,keyword,"When I make some money, then Ill think about my",2
Assets vs Liabilities,8,2874,keyword,"thoughts of two things One is time, which is your most precious asset.",3
Money Concept,8,2875,keyword,Having no money should not be an excuse to,2
Financial Lesson Explanation,8,2875,Advice / Principle,Having no money should not be an excuse to,5
Money Concept,8,2877,keyword,"do with our time, our money, and what we put in our heads.",2
Assets vs Liabilities,8,2878,keyword,"In reality, the only real asset you have is your",3
Financial Lesson Explanation,8,2886,Cause–Effect Explanation,days long because I like to immerse myself in a subject.,5
Financial Lesson Explanation,8,2890,Cause–Effect Explanation,I dont have to work for the rest of my life because of,5
Financial Lesson Explanation,8,2902,Advice / Principle,enough to read or listen to what they have to say.,5
Financial Lesson Explanation,8,2904,Cause–Effect Explanation,"Thats because, if you learn something new, you are then required",5
Wealth Creation,8,2915,keyword,I take a long view on my wealth.,4
Investment Advice,8,2919,keyword,"shocked at people who buy stocks or real estate, but never invest in",3
Money Concept,8,2925,keyword,But I was not after their money I was,2
Money Concept,8,2926,keyword,"In some cases, these people who had money",2
Money Concept,8,2928,keyword,"who are in dire financial straits do not like talking about money,",2
Money Concept,8,2932,keyword,Their friends who have no money have never come to them to ask,2
Money Concept,8,2936,keyword,"comes to money, especially investments, its always, The sky is falling!",2
Financial Lesson Explanation,8,2942,Cause–Effect Explanation,"Keep your mind open, because both have valid points.",5
Financial Lesson Explanation,8,2945,Cause–Effect Explanation,"Not long ago, a friend told me he was excited because he",5
Financial Lesson Explanation,8,2950,Cause–Effect Explanation,"This is because, in the market, it is usually the crowd that shows up",5
Financial Lesson Explanation,8,2954,Cause–Effect Explanation,for most investors because buying what is not popular is frightening.,5
Investment Advice,8,2957,keyword,Wise investors buy an investment when its not,3
Financial Lesson Explanation,8,2964,Cause–Effect Explanation,The reason you want to have rich friends is because,5
Financial Lesson Explanation,8,2970,Cause–Effect Explanation,"be careful what you learn, because your mind is so powerful that you",5
Money Concept,8,2972,keyword,"When it comes to money, the masses generally have one basic",2
Money Concept,8,2973,keyword,formula they learned in school and its this Work for money.,2
Money Concept,8,2975,keyword,"people get up, go to work, earn money, pay bills, balance checkbooks,",2
Money Concept,8,2978,keyword,its simply a case of changing the formula via which you make money.,2
Financial Lesson Explanation,8,2993,Cause–Effect Explanation,"what you know anymore that counts, because often what you know is",5
Money Concept,8,2995,keyword,Working hard for money is an old formula born in the day of cavemen.,2
Money Concept,8,2997,keyword,"makes no sense to invest, make money, and blow it.",2
Investment Advice,8,2997,keyword,"makes no sense to invest, make money, and blow it.",3
Financial Lesson Explanation,8,3009,Cause–Effect Explanation,"people around, not because other people are bullies, but because the",5
Money Concept,8,3022,keyword,"income statement and balance sheet, I can readily see if people",2
Assets vs Liabilities,8,3029,keyword,their asset column before they pay their monthly expenses.,3
Financial Lesson Explanation,8,3048,Cause–Effect Explanation,"Because thats what the story, The Richest Man In",5
Money Concept,8,3056,keyword,"You may not be weak, but when it comes to money,",2
Financial Lesson Explanation,8,3057,Cause–Effect Explanation,"creditcard debt, and doodad debt, is because I pay myself first.",5
Money Concept,8,3058,keyword,reason I minimize my income is because I dont want to pay it to the,2
Financial Lesson Explanation,8,3058,Cause–Effect Explanation,reason I minimize my income is because I dont want to pay it to the,5
Money Concept,8,3059,keyword,"That is why my income comes from my asset column,",2
Assets vs Liabilities,8,3059,keyword,"That is why my income comes from my asset column,",3
Assets vs Liabilities,8,3061,keyword,"have liabilities that are higher than 99 percent of the population, but I",3
Money Concept,8,3066,keyword,"So I pay myself first, invest the money,",2
Investment Advice,8,3066,keyword,"So I pay myself first, invest the money,",3
Financial Lesson Explanation,8,3070,Advice / Principle,Dont get into large debt positions that you have to pay for.,5
Wealth Creation,8,3072,keyword,"When you come up short, let the pressure build and dont dip",4
Money Concept,8,3074,keyword,ability to make more money as well as your financial intelligence.,2
Money Concept,8,3076,keyword,brain to create more income while staunchly defending the assets in my,2
Assets vs Liabilities,8,3076,keyword,brain to create more income while staunchly defending the assets in my,3
Wealth Creation,8,3076,keyword,brain to create more income while staunchly defending the assets in my,4
Assets vs Liabilities,8,3078,keyword,was like a good soldier defending the fortFort Assets.,3
Money Concept,8,3083,keyword,"A good one is to cut expenses, put your money in the bank, pay",2
Money Concept,8,3084,keyword,"more than your fair share of income tax, buy safe mutual funds, and take",2
Financial Lesson Explanation,8,3093,Cause–Effect Explanation,"Because if, and I do mean if, the people are",5
Money Concept,8,3094,keyword,"money they make, the more money I make.",2
Financial Lesson Explanation,8,3095,Advice / Principle,"broker should provide you with information, as well as take the time to",5
Money Concept,8,3097,keyword,"me when I had little or no money, and I am still with them today.",2
Money Concept,8,3099,keyword,money I can make because of the information they provide.,2
Financial Lesson Explanation,8,3099,Cause–Effect Explanation,money I can make because of the information they provide.,5
Money Concept,8,3100,keyword,it when my real estate broker or stockbroker makes a lot of money,2
Money Concept,8,3101,keyword,because that usually means I made a lot of money.,2
Financial Lesson Explanation,8,3101,Cause–Effect Explanation,because that usually means I made a lot of money.,5
Money Concept,8,3102,keyword,"A good broker saves me time, in addition to making me money",2
Financial Lesson Explanation,8,3106,Advice / Principle,People who sell their house on their own must not value their time,5
Money Concept,8,3108,keyword,time to make more money or spend it with those I love?,2
Assets vs Liabilities,8,3112,keyword,people in the expense column and stiffing people in the asset column.,3
Financial Lesson Explanation,8,3122,Cause–Effect Explanation,switched because we did not love the same business.,5
Assets vs Liabilities,8,3124,keyword,"spend the time educating you, and they could be the best asset you find.",3
Financial Lesson Explanation,8,3126,Advice / Principle,"about is cutting their commissions, then why should they want to help",5
Financial Lesson Explanation,8,3129,Cause–Effect Explanation,"failing to get promoted, because they know how to work with people",5
Assets vs Liabilities,8,3140,keyword,"In the world of the asset column, being an Indian giver is vital to",3
Investment Advice,8,3143,keyword,"That is why the ROI, or return on",3
Money Concept,8,3149,keyword,I had my money back in about three years.,2
Money Concept,8,3150,keyword,"asset, which pumps money out for me, month in and month out.",2
Assets vs Liabilities,8,3150,keyword,"asset, which pumps money out for me, month in and month out.",3
Money Concept,8,3151,keyword,recommends I move a sizable amount of money into the stock of a,2
Money Concept,8,3156,keyword,"the market, because my initial money is back and ready to work on",2
Financial Lesson Explanation,8,3156,Cause–Effect Explanation,"the market, because my initial money is back and ready to work on",5
Money Concept,8,3157,keyword,"So my money goes in, and then it comes out, and I own",2
Money Concept,8,3158,keyword,"True, I have lost money on many occasions, but I only play with",2
Money Concept,8,3161,keyword,But I limit my losses to only the money I have in,2
Money Concept,8,3162,keyword,People who hate risk put their money in the bank.,2
Money Concept,8,3164,keyword,"your money back and, in most instances, you dont get anything for",2
Financial Lesson Explanation,8,3165,Advice / Principle,"On every one of my investments, there must be an upside,",5
Financial Lesson Explanation,8,3168,Advice / Principle,"must be limited risk, or a lowrisk idea.",5
Financial Lesson Explanation,8,3170,Cause–Effect Explanation,"McDonalds fame, sold hamburger franchises, not because he loved",5
Financial Lesson Explanation,8,3171,Cause–Effect Explanation,"hamburgers, but because he wanted the real estate under the franchise",5
Financial Lesson Explanation,8,3172,Advice / Principle,So wise investors must look at more than ROI.,5
Money Concept,8,3173,keyword,the assets they get for free once they get their money back.,2
Assets vs Liabilities,8,3173,keyword,the assets they get for free once they get their money back.,3
Assets vs Liabilities,8,3174,keyword,Use assets to buy luxuries the power of focus,3
Financial Lesson Explanation,8,3177,Advice / Principle,"Do you think I should let him do it, or should I just buy him a car?",5
Money Concept,8,3184,keyword,use my money instead of his college money.,2
Money Concept,8,3185,keyword,a long discussion about the wise use of money.,2
Money Concept,8,3189,keyword,"Once he had made 6,000 with the 3,000, the money would be his",2
Money Concept,8,3194,keyword,"He knows that if he loses that money,",2
Financial Lesson Explanation,8,3195,Cause–Effect Explanation,"uninterested in getting a car, because hes found a game that is more fun.",5
Money Concept,8,3196,keyword,What happens if he loses all the money?,2
Money Concept,8,3201,keyword,a new respect for the power of money.,2
Assets vs Liabilities,8,3203,keyword,the process of developing cash flow from an asset column is easy in,3
Money Concept,8,3204,keyword,"theory, whats hard is the mental fortitude to direct money to the",2
Money Concept,8,3206,keyword,consumer world to simply blow money out the expense column.,2
Money Concept,8,3207,keyword,"With weak mental fortitude, that money flows into the paths of",2
Money Concept,8,3214,keyword,We go to school to learn a profession so we can work for money.,2
Money Concept,8,3215,keyword,It is my opinion that its just as important to learn how to have money,2
Assets vs Liabilities,8,3218,keyword,Instead of choosing to focus in the liability,3
Assets vs Liabilities,8,3219,keyword,"column, I chose to focus in the asset column.",3
Money Concept,8,3221,keyword,"Too often today, we focus on borrowing money to get the things",2
Money Concept,8,3222,keyword,we want instead of focusing on creating money.,2
Money Concept,8,3227,keyword,people use the power of money against themselves.,2
Money Concept,8,3228,keyword,"intelligence is low, money will run all over you.",2
Money Concept,8,3229,keyword,"If money is smarter than you, you will work for it all your life.",2
Money Concept,8,3230,keyword,"To be the master of money, you need to be smarter than it.",2
Financial Lesson Explanation,8,3230,Advice / Principle,"To be the master of money, you need to be smarter than it.",5
Wealth Creation,8,3240,keyword,I have new heroes as I grow older.,4
Money Concept,8,3260,keyword,"He usually said that he would give when he had some extra money,",2
Money Concept,8,3262,keyword,My rich dad gave money as well as education.,2
Financial Lesson Explanation,8,3263,Advice / Principle,"If you want something, you first need to give, he would",5
Money Concept,8,3264,keyword,"When he was short of money, he gave money to his church",2
Money Concept,8,3267,keyword,"That is true for money, a smile, love, or",2
Money Concept,8,3270,keyword,"I want money, so I give money, and",2
Financial Lesson Explanation,8,3272,Advice / Principle,"a saying years ago that went God does not need to receive, but",5
Money Concept,8,3275,keyword,"whenever I have felt needy or short of money or short of help, I simply",2
Money Concept,8,3280,keyword,"when it comes to money, love, happiness, sales, and contacts, all one",2
Money Concept,8,3288,keyword,"to learn about money, teach it to someone else.",2
Financial Lesson Explanation,8,3298,Advice / Principle,You only need to be generous with what,5
Financial Lesson Explanation,9,3322,Cause–Effect Explanation,needing a job simply because of the courses I took.,5
Money Concept,9,3324,keyword,"wasting my money, and yet theyre still at the same job.",2
Financial Lesson Explanation,9,3340,Cause–Effect Explanation,"not at the offer, but just because someone was interested.",5
Financial Lesson Explanation,9,3357,Advice / Principle,"For there to be profit in a deal, there must be two",5
Investment Advice,9,3359,keyword,"So when I jog, I jog a neighborhood I might like to invest in.",3
Investment Advice,9,3375,keyword,My neighbor thought that the 500 for a real estate investment,3
Money Concept,9,3376,keyword,"He said he could not afford the money,",2
Money Concept,9,3380,keyword,He had the money but did not have the time.,2
Financial Lesson Explanation,9,3390,Cause–Effect Explanation,different dealers and negotiated a great deal because we wanted,5
Financial Lesson Explanation,9,3391,Cause–Effect Explanation,"people remain small because they think small, act alone, or",5
Financial Lesson Explanation,9,3395,Advice / Principle,"As repeated many times throughout the book, you must take",5
Money Concept,10,3407,keyword,save money for his four childrens college educations.,2
Money Concept,10,3413,keyword,with some of the money in his college fund.,2
Financial Lesson Explanation,10,3420,Cause–Effect Explanation,The owner had been downsized and needed to sell that day because he,5
Money Concept,10,3442,keyword,"month in income, again, going into the college fund.",2
Assets vs Liabilities,10,3446,keyword,"then use the underlying asset, wrapped in his legal entity, to pay for his",3
Investment Advice,10,3447,keyword,"As a result of this successful investment strategy, he will be",3
Money Concept,10,3448,keyword,insights into utilizing the power of money to work for you.,2
Money Concept,10,3449,keyword,money to make money is the thinking of financially unsophisticated,2
Wealth Creation,10,3452,keyword,takes only a few dollars to start and grow it into something big.,4
Money Concept,10,3454,keyword,"amass a lot of money to get into a big deal, but to me that is foolish.",2
Assets vs Liabilities,10,3457,keyword,"into a onemilliondollar asset producing 5,000 a month cash flow in",3
Money Concept,10,3460,keyword,"Learn to have money work hard for you, and your",2
Money Concept,10,3461,keyword,"In the world of accounting, there are three different types of income",2
Money Concept,10,3464,keyword,"When my rich dad said, The rich dont work for money.",2
Financial Lesson Explanation,10,3464,Rich vs Poor Comparison,"When my rich dad said, The rich dont work for money.",5
Money Concept,10,3465,keyword,"They have their money work for them, he was talking about passive",2
Assets vs Liabilities,10,3466,keyword,derived from paper assets such as stocks and bonds.,3
Money Concept,10,3467,keyword,"is the income that makes Bill Gates the richest man in the world, not",2
Money Concept,10,3469,keyword,ability to convert earned income into passive income or portfolio,2
Money Concept,10,3470,keyword,another reason why you want your money working hard for you.,2
Money Concept,10,3471,keyword,government taxes the income you work hard for more than the income,2
Money Concept,10,3472,keyword,"In my second book, Rich Dads CASHFLOW Quadrant, I explain",2
Money Concept,10,3476,keyword,CASHFLOW Quadrant is written about the core differences of these,2
Money Concept,10,3481,keyword,"say, All a real investor does is convert earned income into passive",2
Wealth Creation,10,3483,keyword,The key to financial freedom and great wealth is a persons ability to,4
Money Concept,10,3484,keyword,convert earned income into passive andor portfolio income.,2
Financial Lesson Explanation,10,3487,Cause–Effect Explanation,We continue to work because we choose to.,5
Money Concept,10,3488,keyword,estate investment company for passive income and participate in private,2
Investment Advice,10,3488,keyword,estate investment company for passive income and participate in private,3
Money Concept,10,3489,keyword,placements and initial public offerings of stock for portfolio income.,2
Wealth Creation,10,3490,keyword,We also went back to work to build a financialeducation company,4
Wealth Creation,10,3491,keyword,so that we can continue to create and publish books and games.,4
Money Concept,10,3493,keyword,"dad taught me, the skills of converting earned income into passive and",2
Wealth Creation,10,3494,keyword,The games we create are important because they teach what books,4
Financial Lesson Explanation,10,3494,Cause–Effect Explanation,The games we create are important because they teach what books,5
Money Concept,10,3496,keyword,CASHFLOW for Kids game are designed to teach players the basic,2
Money Concept,10,3497,keyword,investment skills of converting earned income into passive and,2
Investment Advice,10,3497,keyword,investment skills of converting earned income into passive and,3
Money Concept,10,3502,keyword,"to make money when the market goes up, as well as when the market",2
Money Concept,10,3503,keyword,"As my rich dad would say, A real investor makes money",2
Money Concept,10,3505,keyword,One of the reasons they make more money is simply because,2
Financial Lesson Explanation,10,3505,Cause–Effect Explanation,One of the reasons they make more money is simply because,5
Financial Lesson Explanation,10,3506,Cause–Effect Explanation,selfconfidence because they are less afraid of losing.,5
Money Concept,10,3507,keyword,average investor does not make as much money because they are so afraid,2
Financial Lesson Explanation,10,3507,Cause–Effect Explanation,average investor does not make as much money because they are so afraid,5
Money Concept,10,3509,keyword,"themselves from losses, and that is what CASHFLOW 202 teaches.",2
Financial Lesson Explanation,10,3510,Cause–Effect Explanation,Average investors think investing is risky because they have not,5
Investment Advice,10,3515,keyword,"expensive, which poses the question of ROI, the return on investment,",3
Money Concept,10,3519,keyword,"hard all your life for earned income, paying excessive taxes, and then",2
Money Concept,10,3520,keyword,living in terror of losing all of your money in the investment markets.,2
Investment Advice,10,3520,keyword,living in terror of losing all of your money in the investment markets.,3
Financial Lesson Explanation,10,3522,Advice / Principle,"my rich dad saying, If you want to be rich, you must know what kind",5
Money Concept,10,3523,keyword,"of income to work hard for, how to keep it, and how to protect it from",2
Investment Advice,10,3531,keyword,the investment skills of how to acquire the different incomes is basic,3
Wealth Creation,10,3532,keyword,education for anyone who strives to acquire great wealth and achieve,4
Financial Lesson Explanation,10,3534,Rich vs Poor Comparison,"As rich dad states in lesson number one, The rich do not work",5
Money Concept,10,3535,keyword,They know how to have money work hard for them.,2
Money Concept,10,3536,keyword,"Rich dad said, Ordinary earned income is money you work for,",2
Financial Lesson Explanation,10,3536,Rich vs Poor Comparison,"Rich dad said, Ordinary earned income is money you work for,",5
Money Concept,10,3537,keyword,and passive and portfolio income is money working for you.,2
Assets vs Liabilities,10,3544,keyword,"on liabilities, and you join the middle class.",3
Assets vs Liabilities,10,3545,keyword,"learn how to acquire assets, and you will be choosing wealth as your",3
Wealth Creation,10,3545,keyword,"learn how to acquire assets, and you will be choosing wealth as your",4
Wealth Creation,10,3550,keyword,I wish you great wealth and much happiness with this fabulous,4
Wealth Creation,10,3553,keyword,who believes the world needs more entrepreneurs who will create jobs.,4
Money Concept,10,3554,keyword,"With perspectives on money and investing that often contradict conventional wisdom,",2
Money Concept,10,3560,keyword,"ideas related to money, investing, finance, and economicsand has shared his personal",2
Assets vs Liabilities,10,3562,keyword,His core principles and messageslike your house is not an asset and,3
Investment Advice,10,3563,keyword,invest for cash flow and savers are losershave ignited a firestorm of criticism and,3
Money Concept,10,3565,keyword,"His point of view is that old advicego to college, get a good job, save money, get",2
Investment Advice,10,3566,keyword,"out of debt, invest for the long term, and diversifyhas become obsolete advice in",3
Money Concept,10,3581,keyword," See the world of money, business, and investing",2
Money Concept,10,3582,keyword,Change your way of thinking about money and life with,2
Wealth Creation,10,3585,keyword,"Rich Dads Conspiracy of the Rich, and learn how the ultrarich steal your wealth",4
Money Concept,10,3593,keyword,"A Wall Street Journal Bestseller, Rich Dads CASHFLOW Quadrant",2
Money Concept,10,3594,keyword,"In Rich Dads CASHFLOW Quadrant, the sequel to Robert Kiyosakis smash hit,",2
Money Concept,10,3595,keyword,"Rich Dad Poor Dad, you learn how the role you play in the world of money",2
Money Concept,10,3599,keyword,Rich Dads CASHFLOW Quadrant is the perfect guide,2
Wealth Creation,10,3607,keyword,The path to wealth is the knowledge learned along the way.,4
Investment Advice,10,3612,keyword,advanced classes in the investment category of your choice.,3
Money Concept,10,3615,keyword,"money, and placing them on the right financial",2
Money Concept,10,3620,keyword,"When it comes to money, men and women",2
Money Concept,10,3621,keyword,is a book on money uniquely for women.,2
Financial Lesson Explanation,10,3625,Advice / Principle,"Today, more than ever, women need to be",5
Assets vs Liabilities,10,3630,keyword,between an asset and a liability and the,3
Money Concept,10,3631,keyword,Play CASHFLOW for Kids at home with your,2
Assets vs Liabilities,10,3645,keyword,bold statement that your house is not an asset.,3
Money Concept,10,3646,keyword,"money and investing were met with skepticism, criticism, and outrage.",2
Money Concept,10,3654,keyword,"In preparing the 2011 edition of Rich Dads CASHFLOW Quadrant,",2
Investment Advice,10,3656,keyword,"the test of time, and that the investment landscape, the world in which",3
Wealth Creation,9,3666,keyword,What do you want to be when you grow up?,4
Financial Lesson Explanation,9,3673,Cause–Effect Explanation,I did not want to be a teacher because I did not like school.,5
Financial Lesson Explanation,9,3674,Cause–Effect Explanation,to be a writer because I failed English twice.,5
Financial Lesson Explanation,9,3675,Cause–Effect Explanation,MBA program because I could not stand accounting.,5
Financial Lesson Explanation,9,3678,Cause–Effect Explanation,I personally teach around the world because I love,5
Financial Lesson Explanation,9,3679,Cause–Effect Explanation,"Although I failed English twice because I could not write,",5
Money Concept,9,3684,keyword,"more irony, Rich Dad Poor Dad and my CASHFLOW board game are",2
Financial Lesson Explanation,9,3686,Advice / Principle,So what does this have to do with the question What is your goal,5
Money Concept,9,3690,keyword,"not your profession, how much money you make, your title, or your",2
Money Concept,9,3702,keyword,This CASHFLOW Quadrant book is important because it is about,2
Financial Lesson Explanation,9,3702,Cause–Effect Explanation,This CASHFLOW Quadrant book is important because it is about,5
Wealth Creation,9,3706,keyword,"They grow up knowing they are going to be a doctor,",4
Financial Lesson Explanation,9,3742,Cause–Effect Explanation,education because I was not taking it for credits or grades.,5
Financial Lesson Explanation,9,3774,Cause–Effect Explanation,I cried a lot because I had a lot to cry about.,5
Financial Lesson Explanation,9,3775,Advice / Principle,seen things no one should ever be asked to do.,5
Investment Advice,9,3795,keyword,"age of 26, I knew I would never return to that world.",3
Money Concept,9,3810,keyword,Why do schools teach us little about money?,2
Money Concept,9,3821,keyword,"We all know people who make a lot of money, but hate their",2
Money Concept,9,3822,keyword,We also know people who do not make a lot of money and,2
Money Concept,9,3823,keyword,And we all know people who just work for money.,2
Financial Lesson Explanation,9,3830,Cause–Effect Explanation,"because he had a family, kids, a mortgage, and bills to pay.",5
Money Concept,9,3835,keyword,"He made a lot of money via his professional training, but he was",2
Money Concept,9,3846,keyword,"available to anyone who wanted to learn, regardless of how much money",2
Money Concept,9,3850,keyword,The CASHFLOW game is now translated into over sixteen,2
Financial Lesson Explanation,9,3864,Cause–Effect Explanation,I mention emotional and spiritual development because that is,5
Financial Lesson Explanation,9,3868,Cause–Effect Explanation,who are overweight do not eat because they are hungry.,5
Financial Lesson Explanation,9,3890,Cause–Effect Explanation,A students are A students simply because they made the fewest,5
Financial Lesson Explanation,9,3901,Cause–Effect Explanation,is because they fail to fail enough times.,5
Financial Lesson Explanation,9,3902,Cause–Effect Explanation,one of the reasons so many people cling to job security is because they,5
Money Concept,9,3908,keyword,The reason I created the CASHFLOW game is because the game,2
Financial Lesson Explanation,9,3908,Cause–Effect Explanation,The reason I created the CASHFLOW game is because the game,5
Financial Lesson Explanation,9,3910,Cause–Effect Explanation,"reading or lecture, simply because the game involves the body, mind,",5
Money Concept,9,3912,keyword,"possible with play money, and then learn from those mistakes.",2
Money Concept,9,3913,keyword,this is a more humane way to learn about money.,2
Money Concept,9,3914,keyword,"Today, there are thousands of CASHFLOW clubs all over the world.",2
Money Concept,9,3915,keyword,One reason why CASHFLOW clubs are important is because they are,2
Financial Lesson Explanation,9,3915,Cause–Effect Explanation,One reason why CASHFLOW clubs are important is because they are,5
Money Concept,9,3917,keyword,"a CASHFLOW club, you get to meet people like you, people who are",2
Money Concept,9,3922,keyword,"and will learn from your mistakes, using play money.",2
Money Concept,9,3923,keyword,CASHFLOW clubs are not for those who want to get rich quick.,2
Money Concept,9,3924,keyword,"CASHFLOW clubs are there to support the longterm mental, emotional,",2
Assets vs Liabilities,9,3928,keyword,better idea of what your next step should be and which of the four asset,3
Financial Lesson Explanation,9,3928,Advice / Principle,better idea of what your next step should be and which of the four asset,5
Assets vs Liabilities,9,3929,keyword,"classes business, real estate, paper assets, or commodities is best for you.",3
Money Concept,9,3936,keyword,"I love what I do, but I wish I could make more money.",2
Financial Lesson Explanation,9,3941,Cause–Effect Explanation,"And like my sister, the nun, just because I am a",5
Financial Lesson Explanation,9,3942,Advice / Principle,teacher does not mean I have to be a poor teacher.,5
Money Concept,0,3945,keyword,"the road, Rich Dads CASHFLOW Quadrant was written for you.",2
Money Concept,0,3950,keyword,reside on the left side of the CASHFLOW Quadrant.,2
Money Concept,0,3952,keyword,The CASHFLOW Quadrant is an easy way to categorize people,2
Money Concept,0,3953,keyword,"CASHFLOW Quadrant is unique, and the people within each one",2
Financial Lesson Explanation,0,3958,Advice / Principle,Successful Es need to become successful Is to ensure their financial,5
Wealth Creation,0,3959,keyword,What Do You Want to Be When You Grow Up?,4
Money Concept,0,3962,keyword,the different lessons my two dads taught me about money and life,2
Wealth Creation,0,3973,keyword,"He said, Go to school, graduate, build businesses, and become a",4
Money Concept,0,3983,keyword,"difference between the left side of the CASHFLOW Quadrant, the E and",2
Money Concept,0,3994,keyword,"money as he labored morning to dusk, hauling water from the lake with",2
Money Concept,0,3998,keyword,"It was hard work, but he was very happy to be making money and for",2
Financial Lesson Explanation,0,4009,Cause–Effect Explanation,Ed could only deliver water on weekdays because he didnt want,5
Financial Lesson Explanation,0,4016,Cause–Effect Explanation,Hurry back because someday this business will belong to you.,5
Money Concept,0,4022,keyword,"people consume billions of buckets of water, and all that money pours",2
Money Concept,0,4023,keyword,Bill developed a pipeline to deliver money to,2
Wealth Creation,0,4031,keyword,ready to build pipelines for cash to flow into their pockets.,4
Financial Lesson Explanation,0,4037,Advice / Principle,"more about who you have to be, instead of what you have to do.",5
Money Concept,0,4041,keyword,"Throughout Rich Dads CASHFLOW Quadrant, I continue to",2
Financial Lesson Explanation,0,4042,Advice / Principle,"on the right side, the B and Iquadrant side, you must be smarter",5
Financial Lesson Explanation,0,4044,Advice / Principle,"be a B or I, you must be able to control the direction of your cash flow.",5
Wealth Creation,0,4046,keyword,their lives to move beyond job security and begin to build their own,4
